Transaction Date,Transaction Description,Amount Out,Amount In,Neo Transaction Description
2025-03-11,Payment Received - Thank you,,500.0,Neo-4811-Payment Received - Thank you
2025-03-10,Payment Received - Thank you,,1000.0,Neo-4811-Payment Received - Thank you
2025-03-09,Chefs Plate 855-420-2327 Can,5.0,,Neo-4811-Chefs Plate 855-420-2327 Can
2025-03-09,Chefs Plate 855-420-2327 Can,1.98,,Neo-4811-Chefs Plate 855-420-2327 Can
2025-03-09,Chefs Plate 855-420-2327 Can,48.76,,Neo-4811-Chefs Plate 855-420-2327 Can
2025-03-08,Hub/36537h Waterloo Can,6.07,,Neo-4811-Hub/36537h Waterloo Can
2025-03-08,Torprkaut Toronto Can,11.0,,Neo-4811-Torprkaut Toronto Can
2025-03-08,Scotiabank Arena Con Toronto Can,16.1,,Neo-4811-Scotiabank Arena Con Toronto Can
2025-03-08,Scotiabank Arena Con Toronto Can,32.21,,Neo-4811-Scotiabank Arena Con Toronto Can
2025-03-08,Sq *Propeller Coffee C North York Can,4.8,,Neo-4811-Sq *Propeller Coffee C North York Can
2025-03-07,Real Canadian Superstore Highland Rd W,32.98,,Neo-4811-Real Canadian Superstore Highland Rd W
2025-03-07,Pixlr - pixlr.com pixlr.com Sgp,14.81,,Neo-4811-Pixlr - pixlr.com pixlr.com Sgp
2025-03-06,Costco Gasoline Erb St W,39.69,,Neo-4811-Costco Gasoline Erb St W
2025-03-06,Winners Ottawa St S,31.64,,Neo-4811-Winners Ottawa St S
2025-03-06,Pita Pit Ottawa St S,15.36,,Neo-4811-Pita Pit Ottawa St S
